rmse,mse,pearson,spearman,ci
0.5684232118812572,0.32310495,0.7321845302815781,0.7157713699749547,0.78387529659191